,ibns_20u,ibns_20u_9n,vgs_m1,vgs_m1_9n,ibn_settl_err,name,type,time,OK
0,18.400129999999997,18.39465,1.525432,1.525406,5.480000000000496,tran_SchGtVtAfsTl,Sch,Fri Jun 28 19:36:33 2024,False
1,18.42393,18.42361,1.325098,1.325096,0.3199999999986688,tran_SchGtVtAsfTl,Sch,Fri Jun 28 19:36:33 2024,False
2,18.25842,18.25798,1.351512,1.35151,0.44000000000028716,tran_SchGtVtAffTl,Sch,Fri Jun 28 19:36:33 2024,False
3,18.38097,18.37706,1.496972,1.496954,3.9099999999990867,tran_SchGtVtAssTl,Sch,Fri Jun 28 19:36:33 2024,False
4,19.07923,19.06208,1.351933,1.351823,17.150000000000336,tran_SchGtVtAfsTh,Sch,Fri Jun 28 19:36:33 2024,False
5,19.482680000000002,19.480909999999998,1.129018,1.129007,1.7700000000018483,tran_SchGtVtAsfTh,Sch,Fri Jun 28 19:36:33 2024,False
6,19.36255,19.36028,1.156077,1.156064,2.2699999999995564,tran_SchGtVtAffTh,Sch,Fri Jun 28 19:36:33 2024,False
7,19.1027,19.08933,1.322361,1.322276,13.370000000000179,tran_SchGtVtAssTh,Sch,Fri Jun 28 19:36:33 2024,False
